{
  "Only Environmental (3)": 0.99504,
  "Env + Time (11)": 0.99302,
  "Env + Time + Lag (18)": 0.993942,
  "All Features (19)": 0.99386
}