{
  "LightGBM": {
    "MAE": 296.4601,
    "RMSE": 598.1832,
    "MAPE": 13.1696,
    "R2": 0.994717
  },
  "LSTM": {
    "MAE": 1684.1752,
    "RMSE": 3228.3432,
    "MAPE": 53.8597,
    "R2": 0.849714
  }
}