{
  "LightGBM": {
    "MAE": 296.4601,
    "RMSE": 598.1832,
    "MAPE": 13.1696,
    "R2": 0.994717
  },
  "LSTM": {
    "MAE": 4771.1415,
    "RMSE": 5409.0224,
    "MAPE": 1074.4839,
    "R2": 0.578113
  }
}