{
  "LightGBM": {
    "MAE": 267.8686,
    "RMSE": 552.8014,
    "MAPE": 9.8092,
    "R2": 0.995488
  },
  "LSTM": {
    "MAE": 1369.2614,
    "RMSE": 2267.6915,
    "MAPE": 105.5181,
    "R2": 0.925847
  },
  "LightGBM_Quantile_q0.5": {
    "MAE": 265.2103,
    "RMSE": 524.7488,
    "MAPE": 12.1179,
    "R2": 0.995935
  },
  "Seq2Seq_MultiStep": {
    "Step_1": {
      "MAE": 1422.961,
      "RMSE": 2443.7481,
      "MAPE": 132.9883,
      "R2": 0.914087
    },
    "Step_2": {
      "MAE": 1584.2449,
      "RMSE": 2770.0004,
      "MAPE": 130.8439,
      "R2": 0.889777
    },
    "Step_3": {
      "MAE": 1665.5959,
      "RMSE": 2941.4833,
      "MAPE": 135.5543,
      "R2": 0.875864
    },
    "Step_4": {
      "MAE": 1749.7236,
      "RMSE": 3054.7143,
      "MAPE": 146.4906,
      "R2": 0.866229
    }
  }
}