{
  "Sunny": {
    "LightGBM": {
      "MAE": 669.515,
      "RMSE": 964.5447,
      "MAPE": 11.3743,
      "R2": 0.977118
    },
    "LSTM": {
      "MAE": 460.4366,
      "RMSE": 513.3463,
      "MAPE": 193.3792,
      "R2": 0.952146
    }
  },
  "Cloudy": {
    "LightGBM": {
      "MAE": 486.4478,
      "RMSE": 762.8407,
      "MAPE": 5.435,
      "R2": 0.992182
    },
    "LSTM": {
      "MAE": 1031.8949,
      "RMSE": 1778.562,
      "MAPE": 47.9445,
      "R2": 0.758878
    }
  },
  "Overcast": {
    "LightGBM": {
      "MAE": 291.6847,
      "RMSE": 404.85,
      "MAPE": 12.7745,
      "R2": 0.995685
    },
    "LSTM": {
      "MAE": 3111.027,
      "RMSE": 3974.2304,
      "MAPE": 29.9249,
      "R2": 0.668077
    }
  }
}